{
"lum":[
{ "title" : 2 ,"nb" : 26108, "avg" : 13.011027} ,
{ "title" : 3 ,"nb" : 34941, "avg" : 28.25689} ,
{ "title" : 5 ,"nb" : 77467, "avg" : 8.639584} ,
{ "title" : 1 ,"nb" : 312280, "avg" : 9.998768} ,
{ "title" : 4 ,"nb" : 3573, "avg" : 12.863119} 
],"agg":[
{ "title" : 6 ,"nb" : 65520, "avg" : 6.232259} ,
{ "title" : 8 ,"nb" : 46120, "avg" : 4.7336264} ,
{ "title" : 3 ,"nb" : 11372, "avg" : 18.445972} ,
{ "title" : 7 ,"nb" : 42589, "avg" : 5.4098864} ,
{ "title" : 4 ,"nb" : 15146, "avg" : 14.866808} ,
{ "title" : 5 ,"nb" : 47401, "avg" : 9.559818} ,
{ "title" : 9 ,"nb" : 78939, "avg" : 3.044146} ,
{ "title" : 1 ,"nb" : 140245, "avg" : 21.83796} ,
{ "title" : 2 ,"nb" : 7037, "avg" : 16.449974} 
],"int":[
{ "title" : 0 ,"nb" : 8, "avg" : 29.265} ,
{ "title" : 5 ,"nb" : 5225, "avg" : 3.2349193} ,
{ "title" : 3 ,"nb" : 39214, "avg" : 6.1094346} ,
{ "title" : 4 ,"nb" : 5739, "avg" : 6.2112083} ,
{ "title" : 1 ,"nb" : 326025, "avg" : 13.166131} ,
{ "title" : 2 ,"nb" : 56639, "avg" : 6.486} ,
{ "title" : 6 ,"nb" : 11652, "avg" : 7.4389396} ,
{ "title" : 7 ,"nb" : 1967, "avg" : 5.6159916} ,
{ "title" : 9 ,"nb" : 7426, "avg" : 13.254713} ,
{ "title" : 8 ,"nb" : 474, "avg" : 33.447155} 
],"atm":[
{ "title" : 2 ,"nb" : 46202, "avg" : 9.820885} ,
{ "title" : 8 ,"nb" : 15061, "avg" : 14.969479} ,
{ "title" : 1 ,"nb" : 369394, "avg" : 11.063554} ,
{ "title" : 9 ,"nb" : 3597, "avg" : 19.038424} ,
{ "title" : 0 ,"nb" : 23, "avg" : 8.910435} ,
{ "title" : 7 ,"nb" : 3852, "avg" : 18.046543} ,
{ "title" : 5 ,"nb" : 2751, "avg" : 25.75247} ,
{ "title" : 6 ,"nb" : 1104, "avg" : 19.2616} ,
{ "title" : 3 ,"nb" : 9520, "avg" : 13.466235} ,
{ "title" : 4 ,"nb" : 2865, "avg" : 13.727587} 
],"col":[
{ "title" : 0 ,"nb" : 9, "avg" : 6.43} ,
{ "title" : 4 ,"nb" : 12797, "avg" : 6.768616} ,
{ "title" : 3 ,"nb" : 134181, "avg" : 7.6574135} ,
{ "title" : 6 ,"nb" : 147394, "avg" : 12.307921} ,
{ "title" : 5 ,"nb" : 14173, "avg" : 20.086613} ,
{ "title" : 2 ,"nb" : 51340, "avg" : 6.301187} ,
{ "title" : 7 ,"nb" : 49800, "avg" : 12.630589} ,
{ "title" : 1 ,"nb" : 44675, "avg" : 22.350828} 
],"catr":[
{ "title" : 4 ,"nb" : 227218, "avg" : 5.691891} ,
{ "title" : 5 ,"nb" : 912, "avg" : 10.99807} ,
{ "title" : 1 ,"nb" : 30006, "avg" : 10.608978} ,
{ "title" : 6 ,"nb" : 2923, "avg" : 7.3018003} ,
{ "title" : 3 ,"nb" : 136518, "avg" : 20.05032} ,
{ "title" : 2 ,"nb" : 33595, "avg" : 15.299476} ,
{ "title" : 0 ,"nb" : 13676, "avg" : 13.7884035} ,
{ "title" : 9 ,"nb" : 9521, "avg" : 8.585269} 
]}